{
  "project_info": {
    "project_number": "713514810594",
    "project_id": "crud-firebase-6e647",
    "storage_bucket": "crud-firebase-6e647.appspot.com"
  },
  "client": [
    {
      "client_info": {
        "mobilesdk_app_id": "1:713514810594:android:14d46fedb9160c63d672bb",
        "android_client_info": {
          "package_name": "com.zero.crudfirebase"
        }
      },
      "oauth_client": [
        {
          "client_id": "713514810594-c57dmo28ksvhpkbd611kraeqk75s43g8.apps.googleusercontent.com",
          "client_type": 3
        }
      ],
      "api_key": [
        {
          "current_key": "AIzaSyCm8lIPV6UH8zr3teD1snIkfA1E9Wm-4ZY"
        }
      ],
      "services": {
        "appinvite_service": {
          "other_platform_oauth_client": [
            {
              "client_id": "713514810594-c57dmo28ksvhpkbd611kraeqk75s43g8.apps.googleusercontent.com",
              "client_type": 3
            }
          ]
        }
      }
    }
  ],
  "configuration_version": "1"
}